received_at,rssi,snr,version,bmp_temperature_avg,bmp_temperature_max,bmp_temperature_min,sht_temperature_avg,sht_temperature_max,sht_temperature_min,sht_humidity_avg,sht_humidity_max,sht_humidity_min,bmp_pressure_avg,bmp_pressure_min,bmp_pressure_max,light_intensity_avg,light_intensity_max,light_intensity_min,wind_direction,wind_pulses_max,wind_pulses_min,wind_pulses_total,rain_pulses,voltage_avg,voltage_max,voltage_min,current_avg,curent_max,current_min,power_avg,power_max,power_min,rpm,received_at_td_seconds,received_at_td_minutes,seconds_since_now,battery_percentage
2026-03-02 22:55:00+00:00,-70.0,13.8,2.0,18.42,18.45,18.4,17.71,17.77,17.66,63.68,63.73,63.63,101803.3,101806.86,101797.68,0.0,0.0,0.0,110.0,0.0,0.0,0.0,0.0,,,,,,,,,,0.0,304.0,5.066666666666666,85237.736158,
2026-03-02 23:00:00+00:00,-70.0,13.8,2.0,18.41,18.44,18.37,17.7,17.76,17.67,63.69,63.77,63.64,101807.79,101812.2,101803.6,0.0,0.0,0.0,110.0,0.0,0.0,0.0,0.0,,,,,,,,,,0.0,304.0,5.066666666666666,84933.736158,
2026-03-02 23:05:00+00:00,-68.0,13.5,2.0,18.42,18.45,18.4,17.65,17.69,17.61,63.74,63.81,63.66,101809.63,101815.56,101804.26,0.0,0.0,0.0,110.0,0.0,0.0,0.0,0.0,,,,,,,,,,0.0,303.0,5.05,84630.736158,
2026-03-02 23:10:00+00:00,-68.0,13.2,2.0,18.35,18.39,18.33,17.64,17.68,17.61,63.75,63.81,63.7,101807.64,101812.02,101804.12,0.0,0.0,0.0,110.0,0.0,0.0,0.0,0.0,,,,,,,,,,0.0,304.0,5.066666666666666,84326.736158,
2026-03-02 23:20:00+00:00,-70.0,14.0,2.0,18.27,18.34,18.23,17.61,17.63,17.57,63.8,63.84,63.73,101813.11,101819.91,101805.02,0.0,0.0,0.0,110.0,0.0,0.0,0.0,0.0,,,,,,,,,,0.0,304.0,5.066666666666666,84022.736158,
2026-03-02 23:25:00+00:00,-70.0,13.2,2.0,18.22,18.25,18.19,17.57,17.62,17.52,63.84,63.91,63.76,101822.75,101829.77,101815.2,0.0,0.0,0.0,110.0,0.0,0.0,0.0,0.0,,,,,,,,,,0.0,303.0,5.05,83719.736158,
2026-03-02 23:30:00+00:00,-68.0,13.0,2.0,18.21,18.25,18.18,17.53,17.56,17.49,63.9,63.97,63.84,101825.89,101832.55,101819.19,0.0,0.0,0.0,110.0,0.0,0.0,0.0,0.0,,,,,,,,,,0.0,304.0,5.066666666666666,83415.736158,
2026-03-02 23:35:00+00:00,-69.0,13.5,2.0,18.2,18.24,18.12,17.48,17.53,17.42,63.95,64.01,63.88,101831.65,101837.11,101826.72,0.0,0.0,0.0,110.0,0.0,0.0,0.0,0.0,,,,,,,,,,0.0,304.0,5.066666666666666,83111.736158,
2026-03-02 23:40:00+00:00,-70.0,13.5,2.0,18.15,18.19,18.12,17.44,17.48,17.4,64.02,64.08,63.96,101839.34,101844.79,101832.95,0.0,0.0,0.0,110.0,0.0,0.0,0.0,0.0,,,,,,,,,,0.0,303.0,5.05,82808.736158,
2026-03-02 23:45:00+00:00,-70.0,13.5,2.0,18.1,18.12,18.07,17.42,17.45,17.37,64.04,64.09,64.0,101841.55,101845.72,101837.59,0.0,0.0,0.0,110.0,0.0,0.0,0.0,0.0,,,,,,,,,,0.0,304.0,5.066666666666666,82504.736158,
2026-03-02 23:50:00+00:00,-69.0,11.2,2.0,18.07,18.12,18.04,17.39,17.42,17.36,64.1,64.14,64.05,101842.92,101846.4,101838.53,0.0,0.0,0.0,110.0,0.0,0.0,0.0,0.0,,,,,,,,,,0.0,304.0,5.066666666666666,82200.736158,
2026-03-02 23:55:00+00:00,-68.0,14.2,2.0,18.04,18.07,17.99,17.32,17.35,17.27,64.18,64.27,64.08,101843.12,101846.27,101838.0,0.0,0.0,0.0,110.0,0.0,0.0,0.0,0.0,,,,,,,,,,0.0,304.0,5.066666666666666,81896.736158,
2026-03-03 00:00:00+00:00,-70.0,9.0,2.0,17.96,18.0,17.94,17.3,17.34,17.26,64.23,64.31,64.14,101849.09,101856.06,101840.56,0.0,0.0,0.0,110.0,0.0,0.0,0.0,0.0,,,,,,,,,,0.0,303.0,5.05,81593.736158,
2026-03-03 00:05:00+00:00,-70.0,14.2,2.0,17.95,18.02,17.91,17.28,17.32,17.24,64.24,64.3,64.18,101856.98,101861.38,101850.59,0.0,0.0,0.0,110.0,0.0,0.0,0.0,0.0,,,,,,,,,,0.0,304.0,5.066666666666666,81289.736158,
2026-03-03 00:10:00+00:00,-68.0,11.8,2.0,17.93,17.95,17.91,17.25,17.3,17.19,64.27,64.35,64.2,101860.64,101865.86,101855.22,0.0,0.0,0.0,110.0,0.0,0.0,0.0,0.0,,,,,,,,,,0.0,304.0,5.066666666666666,80985.736158,
2026-03-03 00:15:00+00:00,-68.0,13.5,2.0,17.91,17.94,17.9,17.2,17.26,17.17,64.35,64.42,64.26,101864.79,101870.56,101857.57,0.0,0.0,0.0,110.0,0.0,0.0,0.0,0.0,,,,,,,,,,0.0,303.0,5.05,80682.736158,
2026-03-03 00:20:00+00:00,-70.0,13.2,2.0,17.88,17.91,17.84,17.2,17.23,17.16,64.37,64.41,64.31,101871.74,101877.45,101864.73,0.0,0.0,0.0,110.0,0.0,0.0,0.0,0.0,,,,,,,,,,0.0,304.0,5.066666666666666,80378.736158,
2026-03-03 00:25:00+00:00,-70.0,13.5,2.0,17.88,17.92,17.84,17.17,17.21,17.14,64.4,64.46,64.32,101875.01,101881.34,101869.55,0.0,0.0,0.0,110.0,0.0,0.0,0.0,0.0,,,,,,,,,,0.0,304.0,5.066666666666666,80074.736158,
2026-03-03 00:30:00+00:00,-69.0,11.2,2.0,17.83,17.86,17.82,17.14,17.17,17.11,64.43,64.49,64.38,101874.13,101878.89,101867.55,0.0,0.0,0.0,110.0,0.0,0.0,0.0,0.0,,,,,,,,,,0.0,303.0,5.05,79771.736158,
2026-03-03 00:35:00+00:00,-69.0,13.5,2.0,17.82,17.86,17.79,17.1,17.15,17.04,64.53,64.67,64.44,101877.27,101884.38,101869.72,0.0,0.0,0.0,110.0,0.0,0.0,0.0,0.0,,,,,,,,,,0.0,304.0,5.066666666666666,79467.736158,
2026-03-03 00:40:00+00:00,-71.0,10.8,2.0,17.83,17.86,17.81,17.12,17.16,17.09,64.56,64.63,64.49,101883.11,101888.48,101875.27,0.0,0.0,0.0,110.0,0.0,0.0,0.0,0.0,,,,,,,,,,0.0,304.0,5.066666666666666,79163.736158,
2026-03-03 00:45:00+00:00,-70.0,13.5,2.0,17.86,17.89,17.83,17.13,17.16,17.1,64.58,64.64,64.52,101887.27,101892.28,101881.12,0.0,0.0,0.0,110.0,0.0,0.0,0.0,0.0,,,,,,,,,,0.0,304.0,5.066666666666666,78859.736158,
2026-03-03 00:50:00+00:00,-69.0,13.5,2.0,17.82,17.85,17.81,17.07,17.12,17.01,64.63,64.73,64.55,101892.21,101897.64,101887.7,0.0,0.0,0.0,110.0,0.0,0.0,0.0,0.0,,,,,,,,,,0.0,303.0,5.05,78556.736158,
2026-03-03 00:55:00+00:00,-69.0,13.2,2.0,17.79,17.82,17.76,17.02,17.05,16.99,64.74,64.83,64.67,101890.7,101895.2,101885.53,0.0,0.0,0.0,110.0,0.0,0.0,0.0,0.0,,,,,,,,,,0.0,304.0,5.066666666666666,78252.736158,
2026-03-03 01:00:00+00:00,-71.0,13.5,2.0,17.77,17.79,17.75,17.01,17.03,16.98,64.76,64.83,64.68,101893.11,101898.53,101889.12,0.0,0.0,0.0,110.0,0.0,0.0,0.0,0.0,,,,,,,,,,0.0,304.0,5.066666666666666,77948.736158,
2026-03-03 01:05:00+00:00,-71.0,13.8,2.0,17.72,17.79,17.68,16.96,17.01,16.92,64.82,64.92,64.72,101895.79,101901.47,101889.86,0.0,0.0,0.0,110.0,0.0,0.0,0.0,0.0,,,,,,,,,,0.0,303.0,5.05,77645.736158,
2026-03-03 01:10:00+00:00,-69.0,11.2,2.0,17.7,17.74,17.66,16.93,16.96,16.89,64.9,64.97,64.8,101897.71,101902.44,101891.82,0.0,0.0,0.0,110.0,0.0,0.0,0.0,0.0,,,,,,,,,,0.0,304.0,5.066666666666666,77341.736158,
2026-03-03 01:15:00+00:00,-69.0,13.5,2.0,17.67,17.69,17.65,16.9,16.93,16.87,64.94,64.98,64.88,101899.09,101904.33,101893.2,0.0,0.0,0.0,110.0,0.0,0.0,0.0,0.0,,,,,,,,,,0.0,304.0,5.066666666666666,77037.736158,
2026-03-03 01:20:00+00:00,-71.0,13.5,2.0,17.6,17.67,17.57,16.86,16.91,16.82,64.99,65.08,64.93,101899.15,101904.57,101895.4,0.0,0.0,0.0,110.0,0.0,0.0,0.0,0.0,,,,,,,,,,0.0,303.0,5.05,76734.736158,
2026-03-03 01:25:00+00:00,-70.0,13.8,2.0,17.58,17.62,17.54,16.84,16.87,16.8,65.06,65.13,64.99,101897.59,101902.03,101893.22,0.0,0.0,0.0,110.0,0.0,0.0,0.0,0.0,,,,,,,,,,0.0,304.0,5.066666666666666,76430.736158,
2026-03-03 01:30:00+00:00,-69.0,13.5,2.0,17.56,17.59,17.54,16.84,16.88,16.79,65.08,65.16,65.01,101898.16,101902.7,101893.48,0.0,0.0,0.0,110.0,0.0,0.0,0.0,0.0,,,,,,,,,,0.0,304.0,5.066666666666666,76126.736158,
2026-03-03 01:35:00+00:00,-68.0,14.0,2.0,17.55,17.61,17.53,16.82,16.86,16.79,65.09,65.14,65.01,101902.4,101906.5,101898.14,0.0,0.0,0.0,110.0,0.0,0.0,0.0,0.0,,,,,,,,,,0.0,304.0,5.066666666666666,75822.736158,
2026-03-03 01:40:00+00:00,-70.0,14.0,2.0,17.51,17.56,17.46,16.81,16.84,16.77,65.11,65.17,65.04,101902.55,101906.69,101897.48,0.0,0.0,0.0,110.0,0.0,0.0,0.0,0.0,,,,,,,,,,0.0,303.0,5.05,75519.736158,
2026-03-03 01:45:00+00:00,-70.0,13.5,2.0,17.47,17.49,17.44,16.79,16.84,16.74,65.11,65.18,65.05,101903.38,101907.55,101898.17,0.0,0.0,0.0,110.0,0.0,0.0,0.0,0.0,,,,,,,,,,0.0,304.0,5.066666666666666,75215.736158,
2026-03-03 01:50:00+00:00,-69.0,13.8,2.0,17.45,17.5,17.42,16.72,16.77,16.67,65.23,65.33,65.13,101910.51,101917.52,101902.7,0.0,0.0,0.0,110.0,0.0,0.0,0.0,0.0,,,,,,,,,,0.0,304.0,5.066666666666666,74911.736158,
2026-03-03 01:55:00+00:00,-68.0,13.8,2.0,17.42,17.45,17.39,16.71,16.75,16.67,65.27,65.33,65.22,101916.74,101922.75,101911.81,0.0,0.0,0.0,110.0,0.0,0.0,0.0,0.0,,,,,,,,,,0.0,303.0,5.05,74608.736158,
2026-03-03 02:00:00+00:00,-71.0,10.8,2.0,17.4,17.43,17.37,16.67,16.7,16.65,65.33,65.38,65.25,101917.8,101921.7,101914.33,0.0,0.0,0.0,110.0,0.0,0.0,0.0,0.0,,,,,,,,,,0.0,304.0,5.066666666666666,74304.736158,
2026-03-03 02:05:00+00:00,-70.0,13.8,2.0,17.36,17.39,17.34,16.63,16.68,16.59,65.39,65.46,65.29,101916.77,101921.39,101911.02,0.0,0.0,0.0,110.0,0.0,0.0,0.0,0.0,,,,,,,,,,0.0,304.0,5.066666666666666,74000.736158,
2026-03-03 02:10:00+00:00,-69.0,13.5,2.0,17.35,17.39,17.32,16.61,16.65,16.58,65.47,65.52,65.4,101915.83,101920.75,101910.59,0.0,0.0,0.0,110.0,0.0,0.0,0.0,0.0,,,,,,,,,,0.0,303.0,5.05,73697.736158,
2026-03-03 02:15:00+00:00,-68.0,13.2,2.0,17.31,17.37,17.28,16.57,16.62,16.52,65.51,65.63,65.43,101912.77,101919.53,101908.14,0.0,0.0,0.0,110.0,0.0,0.0,0.0,0.0,,,,,,,,,,0.0,304.0,5.066666666666666,73393.736158,
2026-03-03 02:20:00+00:00,-71.0,10.8,2.0,17.3,17.34,17.27,16.57,16.59,16.54,65.57,65.63,65.51,101911.52,101916.74,101906.56,0.0,0.0,0.0,110.0,0.0,0.0,0.0,0.0,,,,,,,,,,0.0,304.0,5.066666666666666,73089.736158,
2026-03-03 02:25:00+00:00,-70.0,13.8,2.0,17.27,17.29,17.24,16.55,16.6,16.5,65.61,65.72,65.52,101913.49,101918.7,101909.11,0.0,0.0,0.0,110.0,0.0,0.0,0.0,0.0,,,,,,,,,,0.0,303.0,5.05,72786.736158,
2026-03-03 02:30:00+00:00,-69.0,13.2,2.0,17.26,17.29,17.23,16.53,16.6,16.49,65.62,65.73,65.52,101916.02,101920.0,101912.71,0.0,0.0,0.0,110.0,0.0,0.0,0.0,0.0,,,,,,,,,,0.0,304.0,5.066666666666666,72482.736158,
2026-03-03 02:35:00+00:00,-69.0,13.5,2.0,17.25,17.29,17.23,16.53,16.56,16.46,65.65,65.77,65.56,101916.65,101922.09,101912.47,0.0,0.0,0.0,110.0,0.0,0.0,0.0,0.0,,,,,,,,,,0.0,304.0,5.066666666666666,72178.736158,
2026-03-03 02:40:00+00:00,-71.0,14.0,2.0,17.22,17.26,17.19,16.52,16.59,16.48,65.64,65.74,65.57,101914.52,101919.18,101909.73,0.0,0.0,0.0,110.0,0.0,0.0,0.0,0.0,,,,,,,,,,0.0,304.0,5.066666666666666,71874.736158,
2026-03-03 02:45:00+00:00,-71.0,13.2,2.0,17.23,17.26,17.19,16.51,16.55,16.47,65.69,65.76,65.62,101917.79,101923.87,101911.88,0.0,0.0,0.0,110.0,0.0,0.0,0.0,0.0,,,,,,,,,,0.0,303.0,5.05,71571.736158,
2026-03-03 02:50:00+00:00,-70.0,13.5,2.0,17.22,17.25,17.2,16.5,16.54,16.44,65.68,65.76,65.62,101923.66,101929.3,101919.47,0.0,0.0,0.0,110.0,0.0,0.0,0.0,0.0,,,,,,,,,,0.0,304.0,5.066666666666666,71267.736158,
2026-03-03 02:55:00+00:00,-69.0,13.2,2.0,17.2,17.23,17.18,16.45,16.48,16.41,65.77,65.86,65.71,101929.67,101935.32,101924.97,0.0,0.0,0.0,110.0,0.0,0.0,0.0,0.0,,,,,,,,,,0.0,304.0,5.066666666666666,70963.736158,
2026-03-03 03:00:00+00:00,-71.0,13.5,2.0,17.2,17.23,17.16,16.44,16.47,16.41,65.8,65.87,65.7,101933.46,101938.27,101929.19,0.0,0.0,0.0,110.0,0.0,0.0,0.0,0.0,,,,,,,,,,0.0,303.0,5.05,70660.736158,
2026-03-03 03:05:00+00:00,-70.0,13.5,2.0,17.17,17.2,17.15,16.44,16.48,16.4,65.83,65.89,65.76,101939.28,101945.15,101932.95,0.0,0.0,0.0,110.0,0.0,0.0,0.0,0.0,,,,,,,,,,0.0,304.0,5.066666666666666,70356.736158,
2026-03-03 03:10:00+00:00,-69.0,11.5,2.0,17.14,17.16,17.14,16.39,16.43,16.34,65.9,65.96,65.79,101942.78,101947.12,101937.86,0.0,0.0,0.0,110.0,0.0,0.0,0.0,0.0,,,,,,,,,,0.0,304.0,5.066666666666666,70052.736158,
2026-03-03 03:15:00+00:00,-70.0,14.2,2.0,17.16,17.18,17.14,16.35,16.39,16.31,65.98,66.05,65.89,101943.1,101946.34,101939.3,0.0,0.0,0.0,110.0,0.0,0.0,0.0,0.0,,,,,,,,,,0.0,303.0,5.05,69749.736158,
2026-03-03 03:20:00+00:00,-70.0,13.5,2.0,17.1,17.16,17.04,16.32,16.35,16.28,66.03,66.13,65.97,101942.7,101945.94,101939.86,0.0,0.0,0.0,110.0,0.0,0.0,0.0,0.0,,,,,,,,,,0.0,304.0,5.066666666666666,69445.736158,
2026-03-03 03:25:00+00:00,-70.0,13.8,2.0,17.07,17.12,17.04,16.34,16.38,16.31,66.01,66.09,65.95,101945.73,101950.05,101942.45,0.0,0.0,0.0,110.0,0.0,0.0,0.0,0.0,,,,,,,,,,0.0,304.0,5.066666666666666,69141.736158,
2026-03-03 03:30:00+00:00,-69.0,11.2,2.0,17.05,17.09,17.02,16.31,16.35,16.28,66.05,66.11,65.99,101945.25,101949.07,101939.75,0.0,0.0,0.0,110.0,0.0,0.0,0.0,0.0,,,,,,,,,,0.0,304.0,5.066666666666666,68837.736158,
2026-03-03 03:35:00+00:00,-70.0,13.2,2.0,17.05,17.09,17.02,16.27,16.33,16.22,66.09,66.19,65.96,101950.66,101954.33,101945.88,0.0,0.0,0.0,110.0,0.0,0.0,0.0,0.0,,,,,,,,,,0.0,303.0,5.05,68534.736158,
2026-03-03 03:40:00+00:00,-71.0,14.0,2.0,17.03,17.08,17.01,16.24,16.29,16.2,66.17,66.23,66.08,101955.02,101960.59,101951.8,0.0,0.0,0.0,110.0,0.0,0.0,0.0,0.0,,,,,,,,,,0.0,304.0,5.066666666666666,68230.736158,
2026-03-03 03:45:00+00:00,-71.0,13.8,2.0,17.02,17.08,16.99,16.3,16.36,16.26,66.1,66.18,66.03,101956.59,101962.25,101951.98,0.0,0.0,0.0,110.0,0.0,0.0,0.0,0.0,,,,,,,,,,0.0,304.0,5.066666666666666,67926.736158,
2026-03-03 03:50:00+00:00,-69.0,13.8,2.0,16.98,17.03,16.95,16.25,16.29,16.2,66.13,66.19,66.05,101962.53,101967.28,101956.01,0.0,0.0,0.0,110.0,0.0,0.0,0.0,0.0,,,,,,,,,,0.0,303.0,5.05,67623.736158,
2026-03-03 03:55:00+00:00,-70.0,13.2,2.0,16.93,16.96,16.9,16.21,16.25,16.16,66.19,66.24,66.15,101965.68,101971.3,101958.52,0.0,0.0,0.0,110.0,0.0,0.0,0.0,0.0,,,,,,,,,,0.0,304.0,5.066666666666666,67319.736158,
2026-03-03 04:00:00+00:00,-71.0,10.8,2.0,16.92,16.95,16.87,16.19,16.23,16.15,66.27,66.34,66.22,101969.17,101974.5,101964.53,0.0,0.0,0.0,110.0,0.0,0.0,0.0,0.0,,,,,,,,,,0.0,304.0,5.066666666666666,67015.736158,
2026-03-03 04:05:00+00:00,-70.0,14.5,2.0,16.96,17.01,16.93,16.19,16.23,16.16,66.27,66.35,66.19,101974.5,101979.53,101969.69,0.0,0.0,0.0,110.0,0.0,0.0,0.0,0.0,,,,,,,,,,0.0,303.0,5.05,66712.736158,
2026-03-03 04:10:00+00:00,-69.0,13.8,2.0,16.94,16.98,16.91,16.17,16.21,16.13,66.27,66.31,66.2,101980.08,101984.96,101975.45,0.0,0.0,0.0,110.0,0.0,0.0,0.0,0.0,,,,,,,,,,0.0,304.0,5.066666666666666,66408.736158,
2026-03-03 04:15:00+00:00,-69.0,13.8,2.0,16.9,16.94,16.87,16.11,16.17,16.08,66.36,66.42,66.24,101983.48,101987.84,101977.74,0.0,0.0,0.0,110.0,0.0,0.0,0.0,0.0,,,,,,,,,,0.0,304.0,5.066666666666666,66104.736158,
2026-03-03 04:20:00+00:00,-70.0,13.2,2.0,16.88,16.91,16.84,16.14,16.17,16.09,66.36,66.43,66.31,101989.83,101996.42,101980.67,0.0,0.0,0.0,110.0,0.0,0.0,0.0,0.0,,,,,,,,,,0.0,304.0,5.066666666666666,65800.736158,
2026-03-03 04:25:00+00:00,-70.0,14.0,2.0,16.9,16.93,16.87,16.15,16.17,16.11,66.4,66.51,66.31,101994.75,101999.62,101988.96,0.0,0.0,0.0,110.0,0.0,0.0,0.0,0.0,,,,,,,,,,0.0,303.0,5.05,65497.736158,
2026-03-03 04:30:00+00:00,-68.0,11.5,2.0,16.86,16.91,16.83,16.13,16.19,16.07,66.41,66.52,66.32,101996.93,102000.38,101993.15,0.0,0.0,0.0,110.0,0.0,0.0,0.0,0.0,,,,,,,,,,0.0,304.0,5.066666666666666,65193.736158,
2026-03-03 04:35:00+00:00,-68.0,13.5,2.0,16.84,16.93,16.79,16.09,16.15,16.02,66.45,66.56,66.36,101996.67,102001.05,101991.94,0.0,0.0,0.0,110.0,0.0,0.0,0.0,0.0,,,,,,,,,,0.0,304.0,5.066666666666666,64889.736158,
2026-03-03 04:40:00+00:00,-70.0,13.8,2.0,16.8,16.83,16.78,16.01,16.04,15.96,66.56,66.64,66.46,101998.68,102005.59,101994.67,0.0,0.0,0.0,110.0,0.0,0.0,0.0,0.0,,,,,,,,,,0.0,303.0,5.05,64586.736158,
2026-03-03 04:45:00+00:00,-70.0,14.0,2.0,16.78,16.81,16.74,15.99,16.03,15.96,66.61,66.68,66.56,102000.66,102007.29,101995.36,0.0,0.0,0.0,110.0,0.0,0.0,0.0,0.0,,,,,,,,,,0.0,304.0,5.066666666666666,64282.736158,
2026-03-03 04:50:00+00:00,-69.0,11.0,2.0,16.8,16.82,16.79,16.02,16.06,15.99,66.56,66.64,66.49,102005.63,102011.42,101998.16,0.0,0.0,0.0,110.0,0.0,0.0,0.0,0.0,,,,,,,,,,0.0,304.0,5.066666666666666,63978.736158,
2026-03-03 04:55:00+00:00,-67.0,14.0,2.0,16.76,16.81,16.7,15.98,16.02,15.95,66.59,66.64,66.48,102011.34,102016.14,102006.72,0.0,0.0,0.0,110.0,0.0,0.0,0.0,0.0,,,,,,,,,,0.0,303.0,5.05,63675.736158,
2026-03-03 05:00:00+00:00,-68.0,11.5,2.0,16.8,16.82,16.77,15.99,16.03,15.94,66.65,66.79,66.54,102016.95,102023.83,102009.86,0.0,0.0,0.0,110.0,0.0,0.0,0.0,0.0,,,,,,,,,,0.0,304.0,5.066666666666666,63371.736158,
2026-03-03 05:05:00+00:00,-67.0,14.0,2.0,16.76,16.82,16.71,16.03,16.06,15.99,66.77,66.85,66.7,102022.26,102027.3,102016.06,0.0,0.0,0.0,110.0,0.0,0.0,0.0,0.0,,,,,,,,,,0.0,304.0,5.066666666666666,63067.736158,
2026-03-03 05:10:00+00:00,-67.0,10.0,2.0,16.8,17.04,16.71,15.87,16.01,15.78,66.96,67.16,66.75,102025.51,102029.39,102021.02,0.0,0.0,0.0,110.0,0.0,0.0,0.0,0.0,,,,,,,,,,0.0,303.0,5.05,62764.736158,
2026-03-03 05:15:00+00:00,-66.0,14.2,2.0,17.22,17.37,17.04,15.88,15.96,15.78,67.25,67.31,67.16,102021.18,102025.73,102017.09,0.0,0.0,0.0,110.0,0.0,0.0,0.0,0.0,,,,,,,,,,0.0,304.0,5.066666666666666,62460.736158,
2026-03-03 05:20:00+00:00,-67.0,14.2,2.0,17.53,17.83,17.37,16.08,16.26,15.93,67.23,67.29,67.12,102018.11,102022.61,102013.99,0.0,0.0,0.0,110.0,0.0,0.0,0.0,0.0,,,,,,,,,,0.0,304.0,5.066666666666666,62156.736158,
2026-03-03 05:25:00+00:00,-67.0,13.8,2.0,18.09,18.25,17.84,16.46,16.56,16.27,66.91,67.12,66.76,102015.36,102020.44,102010.0,0.0,0.0,0.0,110.0,0.0,0.0,0.0,0.0,,,,,,,,,,0.0,304.0,5.066666666666666,61852.736158,
2026-03-03 05:30:00+00:00,-66.0,14.2,2.0,18.3,18.35,18.24,16.58,16.62,16.55,66.77,66.83,66.72,102014.9,102019.7,102010.97,0.0,0.0,0.0,110.0,0.0,0.0,0.0,0.0,,,,,,,,,,0.0,303.0,5.05,61549.736158,
2026-03-03 05:35:00+00:00,-66.0,14.0,2.0,18.42,18.48,18.33,16.67,16.72,16.6,66.83,66.88,66.79,102014.02,102018.57,102008.92,0.0,0.0,0.0,110.0,0.0,0.0,0.0,0.0,,,,,,,,,,0.0,304.0,5.066666666666666,61245.736158,
2026-03-03 05:40:00+00:00,-68.0,11.5,2.0,18.48,18.52,18.45,16.72,16.74,16.7,66.91,67.01,66.83,102010.91,102015.16,102005.47,0.0,0.0,0.0,110.0,0.0,0.0,0.0,0.0,,,,,,,,,,0.0,304.0,5.066666666666666,60941.736158,
2026-03-03 05:45:00+00:00,-67.0,11.5,2.0,18.55,18.59,18.51,16.84,16.92,16.72,66.95,67.05,66.87,102012.11,102017.84,102006.97,0.0,0.0,0.0,110.0,0.0,0.0,0.0,0.0,,,,,,,,,,0.0,299.0,4.983333333333333,60642.736158,
2026-03-03 05:50:00+00:00,-66.0,13.5,2.0,18.59,18.64,18.56,16.88,16.93,16.83,66.97,67.06,66.86,102013.55,102017.69,102009.02,0.0,0.0,0.0,110.0,0.0,0.0,0.0,0.0,,,,,,,,,,0.0,303.0,5.05,60339.736158,
2026-03-03 05:55:00+00:00,-66.0,14.0,2.0,18.65,18.68,18.62,16.94,16.99,16.9,67.01,67.05,66.98,102015.54,102018.69,102011.28,0.0,0.0,0.0,110.0,0.0,0.0,0.0,0.0,,,,,,,,,,0.0,304.0,5.066666666666666,60035.736158,
2026-03-03 06:00:00+00:00,-67.0,13.5,2.0,18.61,18.68,18.54,16.94,16.98,16.89,67.05,67.14,66.97,102013.59,102018.52,102009.23,0.0,0.0,0.0,110.0,0.0,0.0,0.0,0.0,,,,,,,,,,0.0,304.0,5.066666666666666,59731.736158,
2026-03-03 06:05:00+00:00,-69.0,13.2,2.0,18.59,18.62,18.57,16.94,16.97,16.9,67.16,67.21,67.12,102018.27,102025.44,102010.21,0.0,0.0,0.0,110.0,0.0,0.0,0.0,0.0,,,,,,,,,,0.0,304.0,5.066666666666666,59427.736158,
2026-03-03 06:15:00+00:00,-67.0,9.2,2.0,18.65,18.69,18.62,16.94,16.99,16.9,67.22,67.27,67.17,102026.58,102031.41,102021.04,0.0,0.0,0.0,110.0,0.0,0.0,0.0,0.0,,,,,,,,,,0.0,303.0,5.05,59124.736158,
2026-03-03 06:20:00+00:00,-67.0,14.2,2.0,18.7,18.75,18.67,17.02,17.05,16.98,67.18,67.22,67.13,102028.85,102034.14,102023.94,0.0,0.0,0.0,110.0,0.0,0.0,0.0,0.0,,,,,,,,,,0.0,304.0,5.066666666666666,58820.736158,
2026-03-03 06:25:00+00:00,-70.0,10.8,2.0,18.73,18.75,18.7,17.05,17.09,17.02,67.14,67.19,67.09,102030.21,102038.44,102021.58,0.0,0.0,0.0,110.0,0.0,0.0,0.0,0.0,,,,,,,,,,0.0,304.0,5.066666666666666,58516.736158,
2026-03-03 06:30:00+00:00,-70.0,13.2,2.0,18.8,18.9,18.71,17.15,17.33,17.05,67.01,67.18,66.59,102041.47,102053.06,102031.88,0.42,1.19,0.0,110.0,0.0,0.0,0.0,0.0,,,,,,,,,,0.0,303.0,5.05,58213.736158,
2026-03-03 06:35:00+00:00,-69.0,11.2,2.0,18.91,18.95,18.87,17.38,17.45,17.33,66.37,66.58,66.15,102054.22,102059.53,102048.89,1.51,1.9,1.19,110.0,0.0,0.0,0.0,0.0,,,,,,,,,,0.0,304.0,5.066666666666666,57909.736158,
2026-03-03 06:40:00+00:00,-68.0,13.0,2.0,19.28,19.46,18.87,17.42,17.48,17.39,66.05,66.19,65.89,102053.55,102057.12,102047.19,2.28,2.67,1.79,110.0,0.0,0.0,0.0,0.0,,,,,,,,,,1080.0,304.0,5.066666666666666,57605.736158,
2026-03-03 06:45:00+00:00,-68.0,11.2,2.0,19.42,19.48,19.37,17.42,17.48,17.36,65.83,65.88,65.77,102053.59,102059.02,102049.42,3.02,3.4,2.64,110.0,0.0,0.0,0.0,0.0,,,,,,,,,,1200.0,303.0,5.05,57302.736158,
2026-03-03 06:50:00+00:00,-69.0,13.5,2.0,19.49,19.58,19.43,17.51,17.54,17.39,65.64,65.91,65.51,102057.34,102063.12,102053.81,3.75,4.13,3.36,110.0,0.0,0.0,0.0,0.0,,,,,,,,,,1140.0,304.0,5.066666666666666,56998.736158,
2026-03-03 06:55:00+00:00,-67.0,10.0,2.0,19.44,19.52,19.36,17.5,17.57,17.47,65.59,65.67,65.46,102058.68,102066.75,102054.27,4.45,4.83,4.08,110.0,0.0,0.0,0.0,0.0,,,,,,,,,,1140.0,304.0,5.066666666666666,56694.736158,
2026-03-03 07:00:00+00:00,-70.0,14.2,2.0,19.35,19.45,19.27,17.51,17.55,17.45,65.49,65.59,65.39,102064.77,102074.7,102059.42,5.15,5.58,4.81,110.0,0.0,0.0,0.0,0.0,,,,,,,,,,1200.0,304.0,5.066666666666666,56390.736158,
2026-03-03 07:05:00+00:00,-69.0,13.5,2.0,19.42,19.49,19.36,17.51,17.56,17.47,65.45,65.54,65.35,102068.27,102073.39,102061.41,5.82,6.18,5.53,110.0,0.0,0.0,0.0,0.0,,,,,,,,,,1080.0,303.0,5.05,56087.736158,
2026-03-03 07:10:00+00:00,-72.0,13.8,2.0,19.11,19.44,18.95,17.8,17.98,17.54,65.15,65.41,64.98,102072.18,102080.03,102064.28,6.92,7.35,6.19,110.0,0.0,0.0,0.0,0.0,,,,,,,,,,30160.0,304.0,5.066666666666666,55783.736158,
2026-03-03 07:15:00+00:00,-67.0,10.0,2.0,19.06,19.16,18.95,18.04,18.09,17.96,65.02,65.08,64.95,102083.86,102091.19,102076.8,7.63,8.09,7.19,110.0,0.0,0.0,0.0,0.0,,,,,,,,,,8380.0,304.0,5.066666666666666,55479.736158,
2026-03-03 07:20:00+00:00,-72.0,13.0,2.0,19.02,19.2,18.85,18.19,18.28,18.08,64.92,65.07,64.77,102089.18,102094.1,102083.23,8.34,8.69,7.88,110.0,0.0,0.0,0.0,0.0,,,,,,,,,,22240.0,303.0,5.05,55176.736158,
2026-03-03 07:25:00+00:00,-73.0,10.5,2.0,19.31,19.42,19.18,18.26,18.34,18.19,64.91,65.01,64.84,102098.13,102124.05,102088.78,9.01,9.38,8.52,110.0,0.0,0.0,0.0,0.0,,,,,,,,,,25300.0,304.0,5.066666666666666,54872.736158,
2026-03-03 07:30:00+00:00,-69.0,13.2,2.0,19.45,19.62,19.33,18.36,18.4,18.32,64.82,64.9,64.76,102103.28,102109.58,102097.61,9.66,10.04,9.27,110.0,0.0,0.0,0.0,0.0,,,,,,,,,,11920.0,304.0,5.066666666666666,54568.736158,
2026-03-03 07:35:00+00:00,-70.0,10.8,2.0,19.41,19.51,19.33,18.45,18.52,18.4,64.7,64.78,64.59,102100.84,102106.3,102069.23,10.21,10.68,9.77,110.0,0.0,0.0,0.0,0.0,,,,,,,,,,21940.0,303.0,5.05,54265.736158,
2026-03-03 07:40:00+00:00,-71.0,13.8,2.0,19.42,19.56,19.32,18.48,18.51,18.42,64.63,64.72,64.56,102105.7,102112.17,102097.76,10.86,11.28,10.55,110.0,0.0,0.0,0.0,0.0,,,,,,,,,,19300.0,304.0,5.066666666666666,53961.736158,
2026-03-03 07:45:00+00:00,-70.0,11.2,2.0,19.41,19.49,19.37,18.5,18.57,18.45,64.64,64.7,64.57,102114.48,102122.14,102104.09,11.57,12.12,11.12,111.0,0.0,0.0,0.0,0.0,,,,,,,,,,6160.0,304.0,5.066666666666666,53657.736158,
2026-03-03 07:50:00+00:00,-70.0,14.0,2.0,19.41,19.54,19.29,18.55,18.58,18.52,64.52,64.6,64.42,102124.63,102130.91,102116.39,12.26,12.71,11.85,111.0,0.0,0.0,0.0,0.0,,,,,,,,,,16180.0,303.0,5.05,53354.736158,
2026-03-03 07:55:00+00:00,-72.0,13.8,2.0,19.44,19.54,19.39,18.62,18.68,18.54,64.36,64.58,64.26,102136.75,102144.7,102128.66,12.94,13.39,12.44,111.0,0.0,0.0,0.0,0.0,,,,,,,,,,25480.0,304.0,5.066666666666666,53050.736158,
2026-03-03 08:00:00+00:00,-71.0,13.5,2.0,22.19,180.33,19.37,18.67,18.74,18.61,64.26,64.45,64.07,102142.89,102149.25,102137.43,13.72,14.29,13.19,110.0,0.0,0.0,0.0,0.0,,,,,,,,,,13120.0,304.0,5.066666666666666,52746.736158,
2026-03-03 08:05:00+00:00,-70.0,11.5,2.0,19.56,19.66,19.45,18.7,18.75,18.65,64.15,64.23,64.11,102146.91,102153.78,102143.36,14.43,14.99,14.0,110.0,0.0,0.0,0.0,0.0,,,,,,,,,,8500.0,304.0,5.066666666666666,52442.736158,
2026-03-03 08:10:00+00:00,-68.0,13.5,2.0,19.38,19.66,11.92,18.74,18.82,18.67,64.33,64.42,64.14,102147.59,102151.23,102142.89,15.14,15.69,14.67,110.0,0.0,0.0,0.0,0.0,,,,,,,,,,11020.0,303.0,5.05,52139.736158,
2026-03-03 08:15:00+00:00,-66.0,10.2,2.0,19.54,19.6,19.49,18.82,18.85,18.79,64.29,64.36,64.21,102152.64,102162.95,102145.84,15.89,16.49,15.42,110.0,0.0,0.0,0.0,0.0,,,,,,,,,,14140.0,304.0,5.066666666666666,51835.736158,
2026-03-03 08:20:00+00:00,-68.0,13.5,2.0,19.63,19.74,19.52,18.87,18.93,18.81,64.3,64.38,64.22,102158.2,102163.25,102154.37,16.7,17.21,16.06,110.0,0.0,0.0,0.0,0.0,,,,,,,,,,15220.0,304.0,5.066666666666666,51531.736158,
2026-03-03 08:25:00+00:00,-69.0,10.8,2.0,17.0,19.75,515.97,18.91,18.97,18.85,64.24,64.34,64.15,102166.53,102562.3,102153.87,17.64,19.04,17.01,110.0,0.0,0.0,0.0,0.0,,,,,,,,,,15760.0,303.0,5.05,51228.736158,
2026-03-03 08:30:00+00:00,-70.0,13.5,2.0,19.77,19.95,19.64,18.98,19.03,18.93,64.22,64.31,64.17,102171.86,102178.14,102165.33,21.01,32.66,18.81,110.0,0.0,0.0,0.0,0.0,,,,,,,,,,7000.0,304.0,5.066666666666666,50924.736158,
2026-03-03 08:35:00+00:00,-68.0,13.2,2.0,20.12,20.8,19.94,19.16,19.26,19.03,64.07,64.29,63.86,102178.84,102185.66,102171.54,45.39,88.16,22.79,110.0,0.0,0.0,0.0,0.0,,,,,,,,,,20980.0,304.0,5.066666666666666,50620.736158,
2026-03-03 08:40:00+00:00,-69.0,14.0,2.0,20.78,21.07,20.45,19.39,19.53,19.25,63.79,63.94,63.62,102183.1,102188.8,102177.83,65.86,116.77,22.58,110.0,0.0,0.0,0.0,0.0,,,,,,,,,,19300.0,303.0,5.05,50317.736158,
2026-03-03 08:45:00+00:00,-66.0,13.5,2.0,20.89,21.06,20.77,19.64,19.75,19.49,63.27,63.61,62.98,102185.11,102192.44,102179.58,109.22,180.86,47.71,110.0,0.0,0.0,0.0,0.0,,,,,,,,,,16120.0,304.0,5.066666666666666,50013.736158,
2026-03-03 08:50:00+00:00,-67.0,12.2,2.0,21.51,22.66,20.67,19.77,19.95,19.72,63.02,63.14,62.88,102190.2,102196.89,102183.62,50.58,204.79,25.63,110.0,0.0,0.0,0.0,25.0,,,,,,,,,,29500.0,304.0,5.066666666666666,49709.736158,
2026-03-03 09:20:00+00:00,-68.0,13.5,2.0,23.17,23.55,22.71,20.47,20.96,19.93,62.26,63.03,61.26,101801.33,102204.29,78586.55,345.92,365.37,220.16,110.0,0.0,0.0,0.0,2.0,,,,,,,,,,11680.0,1707.0,28.45,48002.736158,
2026-03-03 09:25:00+00:00,-74.0,13.2,2.0,24.83,24.95,24.73,23.0,23.09,22.89,56.45,56.94,55.93,102213.88,102218.59,102209.54,389.47,396.38,382.94,110.0,0.0,0.0,0.0,9.0,,,,,,,,,,23140.0,303.0,5.05,47699.736158,
2026-03-03 09:30:00+00:00,-75.0,11.2,2.0,24.94,25.0,24.87,23.18,23.29,23.04,55.61,56.0,55.07,102214.74,102221.05,102208.86,390.35,396.94,385.35,110.0,0.0,0.0,0.0,6.0,,,,,,,,,,22900.0,304.0,5.066666666666666,47395.736158,
2026-03-03 09:35:00+00:00,-78.0,13.2,2.0,24.76,24.97,24.33,23.4,23.53,23.26,54.73,55.24,54.14,102218.05,102224.55,102208.61,390.89,396.83,386.43,110.0,0.0,0.0,0.0,6.0,,,,,,,,,,25900.0,312.0,5.2,47083.736158,
2026-03-03 09:40:00+00:00,-79.0,12.2,2.0,23.83,24.34,23.4,23.64,23.72,23.54,53.92,54.27,53.26,102217.23,102224.06,102206.53,392.52,400.22,386.41,110.0,0.0,0.0,0.0,8.0,,,,,,,,,,27520.0,296.0,4.933333333333334,46787.736158,
2026-03-03 09:45:00+00:00,-76.0,14.0,2.0,23.28,23.38,23.2,23.83,23.97,23.7,53.17,53.58,52.81,102221.07,102225.92,102216.41,397.95,406.52,391.59,110.0,0.0,0.0,0.0,9.0,,,,,,,,,,18040.0,303.0,5.05,46484.736158,
2026-03-03 09:50:00+00:00,-79.0,10.8,2.0,23.16,23.39,22.97,24.2,24.36,23.94,53.24,53.55,52.91,102217.24,102222.65,102212.79,402.97,408.9,396.41,110.0,0.0,0.0,0.0,8.0,,,,,,,,,,14200.0,304.0,5.066666666666666,46180.736158,
2026-03-03 09:55:00+00:00,-78.0,13.2,2.0,22.87,23.04,22.78,24.45,24.57,24.37,52.69,53.03,52.42,102219.78,102226.27,102213.02,406.22,412.0,400.38,110.0,0.0,0.0,0.0,0.0,,,,,,,,,,29440.0,304.0,5.066666666666666,45876.736158,
2026-03-03 10:00:00+00:00,-77.0,13.5,2.0,22.84,22.91,22.77,24.71,24.88,24.55,52.11,52.38,51.7,102628.8,126552.94,102219.05,407.35,414.15,401.58,110.0,0.0,0.0,0.0,26.0,,,,,,,,,,19540.0,303.0,5.05,45573.736158,
2026-03-03 10:05:00+00:00,-80.0,11.2,2.0,22.74,22.93,22.64,24.95,25.03,24.88,51.43,51.74,51.19,102225.22,102229.64,102220.8,408.31,412.5,404.15,110.0,0.0,0.0,0.0,0.0,,,,,,,,,,22900.0,304.0,5.066666666666666,45269.736158,
2026-03-03 10:10:00+00:00,-80.0,11.8,2.0,22.87,23.02,22.75,25.16,25.29,25.0,50.89,51.22,50.5,102225.26,102229.62,102216.27,408.15,414.93,403.22,110.0,0.0,0.0,0.0,0.0,,,,,,,,,,24160.0,304.0,5.066666666666666,44965.736158,
2026-03-03 10:15:00+00:00,-79.0,12.8,2.0,22.79,22.92,22.67,25.25,25.29,25.2,50.34,50.56,50.19,100146.2,102232.23,1044.93,406.95,413.87,400.64,110.0,0.0,0.0,0.0,0.0,,,,,,,,,,26440.0,303.0,5.05,44662.736158,
2026-03-03 10:20:00+00:00,-82.0,13.5,2.0,25.41,180.33,22.69,25.27,25.37,25.22,50.07,50.28,49.89,102224.16,102231.08,102218.81,401.35,407.64,393.51,110.0,0.0,0.0,0.0,0.0,,,,,,,,,,27100.0,304.0,5.066666666666666,44358.736158,
2026-03-03 12:40:00+00:00,-59.0,14.0,2.0,21.39,21.43,21.35,21.35,21.61,21.28,54.63,54.9,53.74,102227.65,102234.06,102220.64,20.2,21.08,19.83,110.0,0.0,0.0,0.0,0.0,,,,,,,,,,1200.0,8473.0,141.21666666666667,35885.736158,
2026-03-03 12:45:00+00:00,-59.0,14.2,2.0,21.34,21.37,21.3,21.26,21.3,21.2,54.97,55.14,54.81,102225.65,102230.33,102220.91,20.07,20.21,19.95,110.0,0.0,0.0,0.0,0.0,,,,,,,,,,1140.0,303.0,5.05,35582.736158,
2026-03-03 12:50:00+00:00,-63.0,11.0,2.0,21.28,21.33,21.26,21.15,21.22,21.1,55.28,55.42,55.03,102225.62,102230.86,102220.12,20.06,20.26,19.95,110.0,0.0,0.0,0.0,0.0,,,,,,,,,,1140.0,304.0,5.066666666666666,35278.736158,
2026-03-03 12:55:00+00:00,-62.0,14.2,2.0,21.25,21.29,21.23,21.05,21.12,21.01,55.55,55.68,55.38,102223.6,102227.8,102219.91,20.21,20.4,19.95,110.0,0.0,0.0,0.0,0.0,,,,,,,,,,1140.0,304.0,5.066666666666666,34974.736158,
2026-03-03 13:00:00+00:00,-61.0,13.8,2.0,21.19,21.25,21.16,21.0,21.04,20.94,55.63,55.81,55.47,102221.51,102224.92,102217.28,20.17,20.37,19.91,110.0,0.0,0.0,0.0,0.0,,,,,,,,,,1080.0,303.0,5.05,34671.736158,
2026-03-03 13:05:00+00:00,-60.0,14.2,2.0,21.15,21.18,21.13,20.92,20.97,20.88,55.87,56.02,55.74,102217.59,102223.3,102211.7,20.11,20.25,19.78,110.0,0.0,0.0,0.0,0.0,,,,,,,,,,1200.0,304.0,5.066666666666666,34367.736158,
2026-03-03 13:10:00+00:00,-62.0,11.2,2.0,21.11,21.16,21.08,20.86,20.91,20.82,56.02,56.23,55.81,102213.86,102219.34,102209.47,19.99,20.15,19.76,110.0,0.0,0.0,0.0,0.0,,,,,,,,,,1260.0,304.0,5.066666666666666,34063.736158,
2026-03-03 13:15:00+00:00,-61.0,14.0,2.0,21.07,21.09,21.06,20.81,20.84,20.78,56.13,56.28,56.01,102215.9,102221.77,102211.62,20.01,20.26,19.74,110.0,0.0,0.0,0.0,0.0,,,,,,,,,,1080.0,303.0,5.05,33760.736158,
2026-03-03 13:20:00+00:00,-61.0,13.8,2.0,21.05,21.08,21.03,20.78,20.82,20.7,56.25,56.4,56.09,102215.96,102220.64,102211.11,20.17,20.39,19.89,110.0,0.0,0.0,0.0,0.0,,,,,,,,,,1260.0,304.0,5.066666666666666,33456.736158,
2026-03-03 13:25:00+00:00,-61.0,14.0,2.0,21.02,21.05,21.0,20.75,20.77,20.72,56.31,56.41,56.21,102215.54,102220.94,102211.09,20.23,20.38,20.08,110.0,0.0,0.0,0.0,0.0,,,,,,,,,,1200.0,304.0,5.066666666666666,33152.736158,
2026-03-03 13:30:00+00:00,-60.0,14.2,2.0,20.98,21.01,20.95,20.7,20.75,20.65,56.46,56.6,56.31,102214.03,102219.16,102209.25,20.25,20.4,20.0,110.0,0.0,0.0,0.0,0.0,,,,,,,,,,1140.0,304.0,5.066666666666666,32848.736158,
2026-03-03 13:35:00+00:00,-63.0,13.8,2.0,20.94,20.97,20.92,20.68,20.71,20.65,56.5,56.63,56.33,102211.73,102215.27,102208.06,20.2,20.38,19.92,110.0,0.0,0.0,0.0,0.0,,,,,,,,,,1140.0,303.0,5.05,32545.736158,
2026-03-03 13:40:00+00:00,-61.0,13.8,2.0,20.92,20.94,20.91,20.64,20.68,20.61,56.63,56.73,56.49,102209.21,102213.71,102203.58,20.18,20.37,20.04,110.0,0.0,0.0,0.0,0.0,,,,,,,,,,1140.0,304.0,5.066666666666666,32241.736158,
2026-03-03 13:45:00+00:00,-60.0,11.0,2.0,20.9,20.93,20.89,20.63,20.66,20.61,56.64,56.74,56.49,102206.95,102210.75,102202.84,20.21,20.41,19.99,110.0,0.0,0.0,0.0,0.0,,,,,,,,,,1200.0,304.0,5.066666666666666,31937.736158,
2026-03-03 13:50:00+00:00,-60.0,13.8,2.0,20.87,20.89,20.84,20.62,20.66,20.58,56.7,56.81,56.57,102205.88,102210.37,102200.89,20.22,20.41,19.97,110.0,0.0,0.0,0.0,0.0,,,,,,,,,,1200.0,303.0,5.05,31634.736158,
2026-03-03 13:55:00+00:00,-61.0,13.8,2.0,20.83,20.86,20.81,20.58,20.63,20.55,56.8,56.93,56.62,102203.1,102208.09,102195.7,20.23,20.4,20.02,110.0,0.0,0.0,0.0,0.0,,,,,,,,,,1140.0,304.0,5.066666666666666,31330.736158,
2026-03-03 14:00:00+00:00,-62.0,13.5,2.0,20.79,20.82,20.79,20.51,20.58,20.47,56.98,57.1,56.88,102200.23,102205.88,102194.35,20.12,20.29,19.95,110.0,0.0,0.0,0.0,0.0,,,,,,,,,,1140.0,304.0,5.066666666666666,31026.736158,
2026-03-03 14:05:00+00:00,-61.0,13.8,2.0,20.78,20.81,20.75,20.47,20.51,20.43,57.08,57.21,56.94,102195.71,102201.08,102189.89,20.13,20.26,19.95,110.0,0.0,0.0,0.0,0.0,,,,,,,,,,1080.0,303.0,5.05,30723.736158,
2026-03-03 14:10:00+00:00,-64.0,10.8,2.0,20.76,20.78,20.75,20.43,20.46,20.4,57.23,57.38,57.09,102192.77,102196.35,102185.81,20.1,20.27,19.77,110.0,0.0,0.0,0.0,0.0,,,,,,,,,,1200.0,304.0,5.066666666666666,30419.736158,
2026-03-03 14:15:00+00:00,-64.0,13.8,2.0,20.75,20.77,20.74,20.41,20.43,20.38,57.3,57.43,57.17,102188.74,102195.69,102184.22,20.04,20.2,19.84,110.0,0.0,0.0,0.0,0.0,,,,,,,,,,1260.0,304.0,5.066666666666666,30115.736158,
2026-03-03 14:20:00+00:00,-62.0,13.8,2.0,20.73,20.76,20.71,20.39,20.42,20.35,57.32,57.45,57.22,102187.66,102193.89,102182.88,20.0,20.18,19.82,110.0,0.0,0.0,0.0,0.0,,,,,,,,,,1140.0,304.0,5.066666666666666,29811.736158,
2026-03-03 14:25:00+00:00,-61.0,14.2,2.0,20.72,20.74,20.7,20.36,20.39,20.33,57.42,57.52,57.33,102186.54,102191.31,102181.52,19.94,20.08,19.83,110.0,0.0,0.0,0.0,0.0,,,,,,,,,,1200.0,303.0,5.05,29508.736158,
2026-03-03 14:30:00+00:00,-64.0,14.2,2.0,20.7,20.73,20.69,20.34,20.37,20.31,57.48,57.57,57.38,102187.7,102191.91,102184.92,20.0,20.15,19.83,110.0,0.0,0.0,0.0,0.0,,,,,,,,,,1140.0,304.0,5.066666666666666,29204.736158,
2026-03-03 14:35:00+00:00,-64.0,13.2,2.0,20.69,20.72,20.67,20.32,20.34,20.3,57.5,57.61,57.43,102189.55,102194.3,102185.28,19.97,20.32,19.73,110.0,0.0,0.0,0.0,0.0,,,,,,,,,,1200.0,304.0,5.066666666666666,28900.736158,
2026-03-03 14:40:00+00:00,-63.0,13.2,2.0,20.69,20.71,20.67,20.32,20.35,20.29,57.52,57.66,57.41,102190.57,102199.36,102186.36,19.79,19.9,19.59,110.0,0.0,0.0,0.0,0.0,,,,,,,,,,1140.0,303.0,5.05,28597.736158,
2026-03-03 14:45:00+00:00,-63.0,11.5,2.0,20.69,20.71,20.68,20.3,20.33,20.27,57.59,57.71,57.51,102190.42,102194.88,102186.25,19.79,19.94,19.62,110.0,0.0,0.0,0.0,0.0,,,,,,,,,,1080.0,304.0,5.066666666666666,28293.736158,
2026-03-03 14:50:00+00:00,-66.0,10.8,2.0,20.68,20.71,20.68,20.29,20.3,20.26,57.61,57.74,57.48,102189.09,102194.75,102183.57,19.68,19.91,19.45,110.0,0.0,0.0,0.0,0.0,,,,,,,,,,1140.0,304.0,5.066666666666666,27989.736158,
2026-03-03 14:55:00+00:00,-63.0,13.0,2.0,20.7,20.72,20.69,20.28,20.31,20.25,57.69,57.79,57.54,102186.09,102190.58,102180.89,19.52,20.71,19.27,110.0,0.0,0.0,0.0,0.0,,,,,,,,,,1140.0,303.0,5.05,27686.736158,
2026-03-03 15:00:00+00:00,-64.0,13.2,2.0,20.7,20.71,20.69,20.27,20.3,20.24,57.79,57.95,57.66,102184.79,102189.36,102179.28,19.42,19.57,19.23,110.0,0.0,0.0,0.0,0.0,,,,,,,,,,1200.0,304.0,5.066666666666666,27382.736158,
2026-03-03 15:05:00+00:00,-62.0,11.5,2.0,20.7,20.73,20.69,20.24,20.27,20.22,57.95,58.05,57.77,102182.52,102188.54,102177.97,19.46,19.67,19.26,110.0,0.0,0.0,0.0,0.0,,,,,,,,,,1080.0,304.0,5.066666666666666,27078.736158,
2026-03-03 15:10:00+00:00,-63.0,11.8,2.0,20.7,20.72,20.68,20.24,20.27,20.22,58.06,58.21,57.89,102184.63,102189.16,102178.36,19.21,19.51,18.99,110.0,0.0,0.0,0.0,0.0,,,,,,,,,,1080.0,304.0,5.066666666666666,26774.736158,
2026-03-03 15:15:00+00:00,-63.0,13.8,2.0,20.69,20.71,20.68,20.24,20.26,20.2,58.14,58.3,57.96,102187.98,102191.92,102183.78,19.08,19.26,18.9,110.0,0.0,0.0,0.0,0.0,,,,,,,,,,1260.0,303.0,5.05,26471.736158,
2026-03-03 15:20:00+00:00,-62.0,13.5,2.0,20.71,20.73,20.7,20.22,20.26,20.2,58.31,58.48,58.19,102187.91,102191.9,102182.69,19.09,19.25,18.91,110.0,0.0,0.0,0.0,0.0,,,,,,,,,,1200.0,304.0,5.066666666666666,26167.736158,
2026-03-03 15:25:00+00:00,-60.0,10.0,2.0,20.7,20.72,20.7,20.2,20.23,20.18,58.43,58.59,58.31,102184.16,102190.54,102179.39,19.33,19.68,18.99,110.0,0.0,0.0,0.0,0.0,,,,,,,,,,1140.0,304.0,5.066666666666666,25863.736158,
2026-03-03 15:30:00+00:00,-59.0,14.0,2.0,20.72,20.77,20.69,20.2,20.24,20.18,58.55,58.65,58.41,102183.8,102191.03,102179.22,18.9,19.25,18.51,110.0,0.0,0.0,0.0,0.0,,,,,,,,,,1260.0,303.0,5.05,25560.736158,
2026-03-03 15:35:00+00:00,-60.0,14.2,2.0,20.7,20.74,20.69,20.19,20.22,20.16,58.68,58.79,58.58,102185.16,102189.94,102181.16,18.37,18.61,18.15,110.0,0.0,0.0,0.0,0.0,,,,,,,,,,1140.0,304.0,5.066666666666666,25256.736158,
2026-03-03 15:40:00+00:00,-61.0,13.2,2.0,20.68,20.71,20.66,20.18,20.2,20.15,58.75,58.89,58.62,102188.07,102193.33,102183.86,18.02,18.34,17.67,110.0,0.0,0.0,0.0,0.0,,,,,,,,,,1260.0,304.0,5.066666666666666,24952.736158,
2026-03-03 15:45:00+00:00,-60.0,11.0,2.0,20.65,20.67,20.64,20.15,20.19,20.12,58.86,58.99,58.71,102186.99,102191.52,102182.19,17.77,17.93,17.66,110.0,0.0,0.0,0.0,0.0,,,,,,,,,,1140.0,303.0,5.05,24649.736158,
2026-03-03 15:50:00+00:00,-61.0,9.8,2.0,20.64,20.65,20.63,20.13,20.16,20.11,58.91,59.07,58.69,102185.58,102190.57,102180.89,17.64,17.83,17.44,110.0,0.0,0.0,0.0,0.0,,,,,,,,,,1140.0,304.0,5.066666666666666,24345.736158,
2026-03-03 15:55:00+00:00,-60.0,14.2,2.0,20.65,20.72,20.63,20.12,20.16,20.1,58.98,59.1,58.83,102185.09,102189.11,102180.98,18.6,21.82,16.7,110.0,0.0,0.0,0.0,0.0,,,,,,,,,,1080.0,304.0,5.066666666666666,24041.736158,
2026-03-03 16:00:00+00:00,-60.0,12.0,2.0,20.65,20.72,20.61,20.1,20.14,20.07,59.14,59.29,58.89,102182.18,102186.89,102177.02,16.48,16.82,16.22,110.0,0.0,0.0,0.0,0.0,,,,,,,,,,1140.0,304.0,5.066666666666666,23737.736158,
2026-03-03 16:05:00+00:00,-59.0,9.8,2.0,20.61,20.63,20.6,20.08,20.1,20.05,59.23,59.32,59.1,102180.28,102186.93,102175.42,15.97,16.35,15.5,110.0,0.0,0.0,0.0,0.0,,,,,,,,,,1140.0,303.0,5.05,23434.736158,
2026-03-03 16:10:00+00:00,-60.0,12.0,2.0,20.6,20.63,20.59,20.08,20.11,20.05,59.3,59.41,59.13,102178.62,102183.96,102173.94,15.09,15.64,14.55,110.0,0.0,0.0,0.0,0.0,,,,,,,,,,1140.0,304.0,5.066666666666666,23130.736158,
2026-03-03 16:15:00+00:00,-60.0,13.5,2.0,20.6,20.64,20.59,20.06,20.1,20.04,59.32,59.45,59.21,102181.18,102189.48,102175.97,14.16,14.67,13.7,110.0,0.0,0.0,0.0,0.0,,,,,,,,,,1140.0,304.0,5.066666666666666,22826.736158,
2026-03-03 16:25:00+00:00,-59.0,14.0,2.0,20.65,20.67,20.64,20.07,20.09,20.04,59.47,59.72,59.17,102187.59,102192.94,102181.45,13.27,13.75,12.78,110.0,0.0,0.0,0.0,0.0,,,,,,,,,,1200.0,303.0,5.05,22523.736158,
2026-03-03 16:30:00+00:00,-59.0,10.2,2.0,20.64,20.66,20.64,20.07,20.09,20.05,59.58,59.7,59.43,102186.27,102190.33,102182.53,12.34,12.86,11.9,110.0,0.0,0.0,0.0,0.0,,,,,,,,,,1140.0,304.0,5.066666666666666,22219.736158,
2026-03-03 16:35:00+00:00,-58.0,14.5,2.0,20.62,20.65,20.6,20.05,20.08,20.02,59.64,59.82,59.46,102184.35,102189.89,102180.67,11.33,11.87,10.78,110.0,0.0,0.0,0.0,0.0,,,,,,,,,,1140.0,304.0,5.066666666666666,21915.736158,
2026-03-03 16:40:00+00:00,-59.0,14.2,2.0,20.58,20.61,20.57,20.03,20.06,19.99,59.66,59.95,59.48,102186.55,102192.3,102181.35,10.32,10.78,9.87,110.0,0.0,0.0,0.0,0.0,,,,,,,,,,1140.0,303.0,5.05,21612.736158,
2026-03-03 16:45:00+00:00,-59.0,14.2,2.0,20.55,20.57,20.53,19.99,20.02,19.96,59.83,59.96,59.66,102187.42,102193.35,102179.88,9.35,9.91,8.69,110.0,0.0,0.0,0.0,0.0,,,,,,,,,,1200.0,304.0,5.066666666666666,21308.736158,
2026-03-03 16:50:00+00:00,-59.0,10.5,2.0,20.51,20.54,20.5,19.95,19.99,19.91,59.89,60.02,59.77,102188.95,102195.44,102183.5,8.06,8.83,7.48,110.0,0.0,0.0,0.0,0.0,,,,,,,,,,1140.0,304.0,5.066666666666666,21004.736158,
2026-03-03 16:55:00+00:00,-58.0,14.0,2.0,20.47,20.51,20.45,19.91,19.94,19.88,59.93,60.1,59.81,102194.38,102200.81,102188.46,6.81,7.45,6.15,110.0,0.0,0.0,0.0,0.0,,,,,,,,,,1200.0,303.0,5.05,20701.736158,
2026-03-03 17:00:00+00:00,-59.0,14.2,2.0,20.42,20.45,20.41,19.87,19.91,19.82,59.97,60.13,59.83,102197.93,102203.79,102194.12,5.58,6.18,4.92,110.0,0.0,0.0,0.0,0.0,,,,,,,,,,1140.0,304.0,5.066666666666666,20397.736158,
2026-03-03 17:05:00+00:00,-59.0,13.8,2.0,20.37,20.41,20.35,19.81,19.85,19.78,60.13,60.27,59.98,102201.15,102204.27,102196.33,4.35,4.97,3.6,110.0,0.0,0.0,0.0,0.0,,,,,,,,,,1080.0,304.0,5.066666666666666,20093.736158,
2026-03-03 17:10:00+00:00,-58.0,13.8,2.0,20.32,20.36,20.29,19.75,19.8,19.69,60.23,60.34,60.09,102204.47,102209.64,102200.67,3.32,3.75,3.0,110.0,0.0,0.0,0.0,0.0,,,,,,,,,,1140.0,304.0,5.066666666666666,19789.736158,
2026-03-03 17:15:00+00:00,-58.0,14.0,2.0,20.27,20.29,20.25,19.69,19.73,19.65,60.37,60.52,60.22,102207.75,102213.84,102200.55,2.71,3.74,1.56,110.0,0.0,0.0,0.0,0.0,,,,,,,,,,1200.0,303.0,5.05,19486.736158,
2026-03-03 17:20:00+00:00,-59.0,14.2,2.0,20.23,20.26,20.21,19.64,19.69,19.6,60.47,60.59,60.29,102213.46,102220.02,102206.58,0.76,1.56,0.24,110.0,0.0,0.0,0.0,0.0,,,,,,,,,,1140.0,304.0,5.066666666666666,19182.736158,
2026-03-03 17:25:00+00:00,-60.0,14.2,2.0,20.17,20.21,20.15,19.57,19.62,19.54,60.64,60.76,60.43,102217.16,102222.44,102212.48,0.05,0.24,0.0,110.0,0.0,0.0,0.0,0.0,,,,,,,,,,1200.0,304.0,5.066666666666666,18878.736158,
2026-03-03 17:30:00+00:00,-59.0,13.8,2.0,20.11,20.16,20.09,19.51,19.56,19.47,60.75,60.89,60.6,102221.72,102228.31,102215.39,0.0,0.0,0.0,110.0,0.0,0.0,0.0,0.0,,,,,,,,,,1140.0,303.0,5.05,18575.736158,
2026-03-03 17:35:00+00:00,-60.0,12.0,2.0,20.06,20.1,20.03,19.44,19.48,19.4,60.91,61.02,60.77,102228.82,102236.98,102221.65,0.0,0.0,0.0,110.0,0.0,0.0,0.0,0.0,,,,,,,,,,1140.0,304.0,5.066666666666666,18271.736158,
2026-03-03 17:40:00+00:00,-59.0,13.5,2.0,20.02,20.04,20.0,19.38,19.43,19.32,61.03,61.25,60.91,102233.09,102239.19,102229.57,0.0,0.0,0.0,110.0,0.0,0.0,0.0,0.0,,,,,,,,,,0.0,304.0,5.066666666666666,17967.736158,
2026-03-03 17:45:00+00:00,-58.0,13.5,2.0,19.98,20.01,19.96,19.32,19.37,19.27,61.17,61.25,61.04,102235.8,102243.61,102231.7,0.0,0.0,0.0,110.0,0.0,0.0,0.0,0.0,,,,,,,,,,0.0,303.0,5.05,17664.736158,
2026-03-03 17:50:00+00:00,-57.0,13.8,2.0,19.95,19.99,19.93,19.25,19.28,19.22,61.23,61.33,61.14,102240.5,102244.86,102235.2,0.0,0.0,0.0,110.0,0.0,0.0,0.0,0.0,,,,,,,,,,0.0,304.0,5.066666666666666,17360.736158,
2026-03-03 17:55:00+00:00,-57.0,14.5,2.0,19.9,19.96,19.84,19.2,19.23,19.16,61.37,61.51,61.19,102244.53,102249.37,102239.66,0.0,0.0,0.0,110.0,0.0,0.0,0.0,0.0,,,,,,,,,,0.0,304.0,5.066666666666666,17056.736158,
2026-03-03 18:00:00+00:00,-59.0,14.2,2.0,19.86,19.87,19.83,19.15,19.19,19.11,61.46,61.56,61.38,102249.73,102256.8,102242.34,0.0,0.0,0.0,110.0,0.0,0.0,0.0,0.0,,,,,,,,,,0.0,304.0,5.066666666666666,16752.736158,
2026-03-03 18:05:00+00:00,-59.0,13.8,2.0,19.8,19.84,19.76,19.1,19.13,19.07,61.55,61.7,61.42,102254.74,102258.23,102251.39,0.0,0.0,0.0,110.0,0.0,0.0,0.0,0.0,,,,,,,,,,0.0,303.0,5.05,16449.736158,
2026-03-03 18:10:00+00:00,-56.0,14.0,2.0,19.73,19.76,19.7,19.08,19.11,19.06,61.68,61.78,61.54,102255.83,102259.38,102251.27,0.0,0.0,0.0,110.0,0.0,0.0,0.0,0.0,,,,,,,,,,0.0,304.0,5.066666666666666,16145.736158,
2026-03-03 18:15:00+00:00,-59.0,10.0,2.0,19.7,19.7,19.69,19.05,19.09,19.0,61.73,61.83,61.63,102264.02,102272.0,102255.44,0.0,0.0,0.0,110.0,0.0,0.0,0.0,0.0,,,,,,,,,,0.0,304.0,5.066666666666666,15841.736158,
2026-03-03 18:20:00+00:00,-58.0,14.2,2.0,19.68,19.7,19.66,18.98,19.03,18.93,61.76,61.87,61.67,102267.65,102273.72,102262.67,0.0,0.0,0.0,110.0,0.0,0.0,0.0,0.0,,,,,,,,,,0.0,303.0,5.05,15538.736158,
2026-03-03 18:25:00+00:00,-58.0,14.0,2.0,19.65,19.68,19.62,18.93,18.96,18.89,61.84,61.95,61.76,102268.15,102273.36,102264.05,0.0,0.0,0.0,110.0,0.0,0.0,0.0,0.0,,,,,,,,,,0.0,304.0,5.066666666666666,15234.736158,
2026-03-03 18:30:00+00:00,-57.0,10.5,2.0,19.63,19.67,19.61,18.88,18.92,18.85,61.91,62.02,61.79,102269.89,102274.2,102263.85,0.0,0.0,0.0,110.0,0.0,0.0,0.0,0.0,,,,,,,,,,0.0,304.0,5.066666666666666,14930.736158,
2026-03-03 18:35:00+00:00,-58.0,10.0,2.0,19.6,19.64,19.54,18.83,18.88,18.8,62.0,62.15,61.86,102272.88,102278.42,102267.14,0.0,0.0,0.0,110.0,0.0,0.0,0.0,0.0,,,,,,,,,,0.0,303.0,5.05,14627.736158,
2026-03-03 18:40:00+00:00,-58.0,13.2,2.0,19.56,19.58,19.54,18.79,18.84,18.75,62.06,62.14,61.97,102279.42,102284.8,102273.48,0.0,0.0,0.0,110.0,0.0,0.0,0.0,0.0,,,,,,,,,,0.0,304.0,5.066666666666666,14323.736158,
2026-03-03 18:45:00+00:00,-58.0,13.8,2.0,19.52,19.57,19.5,18.76,18.8,18.73,62.27,62.45,62.08,102278.64,102282.22,102274.23,0.0,0.0,0.0,110.0,0.0,0.0,0.0,0.0,,,,,,,,,,0.0,304.0,5.066666666666666,14019.736158,
2026-03-03 18:50:00+00:00,-56.0,13.8,2.0,19.49,19.52,19.45,18.76,18.79,18.73,62.54,62.7,62.29,102280.66,102285.98,102275.59,0.0,0.0,0.0,110.0,0.0,0.0,0.0,0.0,,,,,,,,,,0.0,303.0,5.05,13716.736158,
2026-03-03 18:55:00+00:00,-59.0,10.0,2.0,19.46,19.5,19.44,18.71,18.76,18.69,62.74,62.93,62.55,102287.78,102291.77,102282.39,0.0,0.0,0.0,110.0,0.0,0.0,0.0,0.0,,,,,,,,,,0.0,304.0,5.066666666666666,13412.736158,
2026-03-03 19:00:00+00:00,-58.0,13.8,2.0,19.43,19.46,19.42,18.68,18.71,18.65,62.87,63.07,62.64,102288.18,102293.15,102283.51,0.0,0.0,0.0,110.0,0.0,0.0,0.0,0.0,,,,,,,,,,0.0,304.0,5.066666666666666,13108.736158,
2026-03-03 19:05:00+00:00,-57.0,13.8,2.0,19.42,19.45,19.4,18.66,18.7,18.62,63.09,63.21,62.94,102291.07,102298.2,102284.89,0.0,0.0,0.0,110.0,0.0,0.0,0.0,0.0,,,,,,,,,,0.0,304.0,5.066666666666666,12804.736158,
2026-03-03 19:10:00+00:00,-56.0,14.0,2.0,19.37,19.41,19.34,18.64,18.68,18.61,63.34,63.46,63.07,102297.42,102301.53,102292.03,0.0,0.0,0.0,110.0,0.0,0.0,0.0,0.0,,,,,,,,,,0.0,303.0,5.05,12501.736158,
2026-03-03 19:15:00+00:00,-58.0,11.8,2.0,19.36,19.37,19.36,18.6,18.65,18.54,63.27,63.38,63.19,102301.55,102306.2,102297.27,0.0,0.0,0.0,110.0,0.0,0.0,0.0,0.0,,,,,,,,,,0.0,304.0,5.066666666666666,12197.736158,
2026-03-03 19:20:00+00:00,-58.0,13.2,2.0,19.33,19.36,19.29,18.54,18.56,18.51,63.39,63.54,63.28,102302.62,102307.12,102296.59,0.0,0.0,0.0,110.0,0.0,0.0,0.0,0.0,,,,,,,,,,0.0,304.0,5.066666666666666,11893.736158,
2026-03-03 19:25:00+00:00,-57.0,13.8,2.0,19.28,19.32,19.26,18.52,18.55,18.49,63.43,63.51,63.32,102303.91,102309.62,102298.64,0.0,0.0,0.0,110.0,0.0,0.0,0.0,0.0,,,,,,,,,,0.0,303.0,5.05,11590.736158,
2026-03-03 19:30:00+00:00,-56.0,14.2,2.0,19.25,19.29,19.21,18.5,18.53,18.46,63.46,63.6,63.35,102302.74,102308.83,102299.48,0.0,0.0,0.0,110.0,0.0,0.0,0.0,0.0,,,,,,,,,,0.0,304.0,5.066666666666666,11286.736158,
2026-03-03 19:35:00+00:00,-56.0,13.8,2.0,19.22,19.26,19.2,18.45,18.48,18.41,63.51,63.61,63.41,102303.3,102309.43,102298.56,0.0,0.0,0.0,110.0,0.0,0.0,0.0,0.0,,,,,,,,,,0.0,304.0,5.066666666666666,10982.736158,
2026-03-03 19:40:00+00:00,-58.0,14.2,2.0,19.2,19.25,19.14,18.41,18.44,18.38,63.55,63.67,63.42,102307.97,102314.27,102300.59,0.0,0.0,0.0,110.0,0.0,0.0,0.0,0.0,,,,,,,,,,0.0,303.0,5.05,10679.736158,
2026-03-03 19:45:00+00:00,-58.0,14.2,2.0,19.16,19.2,19.12,18.39,18.43,18.36,63.6,63.74,63.47,102312.77,102317.4,102308.2,0.0,0.0,0.0,110.0,0.0,0.0,0.0,0.0,,,,,,,,,,0.0,304.0,5.066666666666666,10375.736158,
2026-03-03 19:50:00+00:00,-56.0,14.0,2.0,19.13,19.16,19.11,18.36,18.39,18.32,63.64,63.73,63.55,102315.27,102321.19,102309.53,0.0,0.0,0.0,110.0,0.0,0.0,0.0,0.0,,,,,,,,,,0.0,304.0,5.066666666666666,10071.736158,
2026-03-03 19:55:00+00:00,-58.0,10.0,2.0,19.09,19.12,19.08,18.33,18.36,18.3,63.67,63.78,63.56,102318.37,102322.81,102314.27,0.0,0.0,0.0,110.0,0.0,0.0,0.0,0.0,,,,,,,,,,0.0,304.0,5.066666666666666,9767.736158,
2026-03-03 20:00:00+00:00,-58.0,14.0,2.0,19.07,19.09,19.04,18.3,18.33,18.26,63.71,63.82,63.6,102319.84,102324.41,102316.47,0.0,0.0,0.0,110.0,0.0,0.0,0.0,0.0,,,,,,,,,,0.0,303.0,5.05,9464.736158,
2026-03-03 20:05:00+00:00,-57.0,13.8,2.0,19.04,19.09,18.99,18.28,18.31,18.24,63.77,63.88,63.63,102324.65,102329.27,102319.32,0.0,0.0,0.0,110.0,0.0,0.0,0.0,0.0,,,,,,,,,,0.0,304.0,5.066666666666666,9160.736158,
2026-03-03 20:10:00+00:00,-57.0,10.0,2.0,19.01,19.04,18.99,18.26,18.3,18.22,63.74,63.82,63.67,102328.27,102335.61,102323.39,0.0,0.0,0.0,110.0,0.0,0.0,0.0,0.0,,,,,,,,,,0.0,304.0,5.066666666666666,8856.736158,
2026-03-03 20:15:00+00:00,-57.0,14.0,2.0,19.0,19.03,18.98,18.19,18.24,18.14,63.75,63.9,63.62,102339.22,102349.41,102330.34,0.0,0.0,0.0,110.0,0.0,0.0,0.0,0.0,,,,,,,,,,0.0,303.0,5.05,8553.736158,
2026-03-03 20:20:00+00:00,-58.0,13.5,2.0,18.97,19.0,18.95,18.14,18.17,18.11,63.82,63.91,63.74,102342.88,102347.7,102338.5,0.0,0.0,0.0,110.0,0.0,0.0,0.0,0.0,,,,,,,,,,0.0,304.0,5.066666666666666,8249.736158,
2026-03-03 20:25:00+00:00,-57.0,13.5,2.0,18.95,18.98,18.91,18.14,18.16,18.1,63.89,63.97,63.76,102347.11,102352.48,102341.86,0.0,0.0,0.0,110.0,0.0,0.0,0.0,0.0,,,,,,,,,,0.0,304.0,5.066666666666666,7945.736158,
2026-03-03 20:30:00+00:00,-56.0,14.8,2.0,18.89,18.94,18.86,18.13,18.16,18.09,63.85,63.93,63.75,102349.12,102352.91,102345.01,0.0,0.0,0.0,110.0,0.0,0.0,0.0,0.0,,,,,,,,,,0.0,303.0,5.05,7642.736158,
2026-03-03 20:35:00+00:00,-57.0,13.5,2.0,18.87,18.9,18.86,18.08,18.12,18.05,63.86,63.97,63.76,102350.59,102356.66,102345.62,0.0,0.0,0.0,110.0,0.0,0.0,0.0,0.0,,,,,,,,,,0.0,304.0,5.066666666666666,7338.736158,
2026-03-03 20:40:00+00:00,-58.0,13.5,2.0,18.82,18.87,18.79,18.06,18.09,18.02,63.91,63.99,63.81,102350.36,102354.7,102344.21,0.0,0.0,0.0,110.0,0.0,0.0,0.0,0.0,,,,,,,,,,0.0,304.0,5.066666666666666,7034.736158,
2026-03-03 20:45:00+00:00,-57.0,13.8,2.0,18.81,18.83,18.78,18.02,18.06,17.99,63.95,64.03,63.82,102348.51,102352.58,102342.98,0.0,0.0,0.0,110.0,0.0,0.0,0.0,0.0,,,,,,,,,,0.0,304.0,5.066666666666666,6730.736158,
2026-03-03 20:50:00+00:00,-57.0,11.0,2.0,18.78,18.79,18.77,18.03,18.07,17.97,63.91,64.0,63.82,102353.17,102358.45,102345.95,0.0,0.0,0.0,110.0,0.0,0.0,0.0,0.0,,,,,,,,,,0.0,303.0,5.05,6427.736158,
2026-03-03 20:55:00+00:00,-56.0,14.0,2.0,18.75,18.79,18.73,17.99,18.02,17.97,64.0,64.07,63.95,102358.62,102364.23,102352.52,0.0,0.0,0.0,110.0,0.0,0.0,0.0,0.0,,,,,,,,,,0.0,304.0,5.066666666666666,6123.736158,
2026-03-03 21:00:00+00:00,-58.0,13.5,2.0,18.72,18.78,18.69,17.96,18.01,17.92,64.0,64.15,63.9,102354.62,102358.86,102348.86,0.0,0.0,0.0,110.0,0.0,0.0,0.0,0.0,,,,,,,,,,0.0,304.0,5.066666666666666,5819.736158,
2026-03-03 21:05:00+00:00,-58.0,13.8,2.0,18.69,18.74,18.64,17.93,17.97,17.89,64.11,64.21,63.94,102357.9,102363.69,102351.25,0.0,0.0,0.0,110.0,0.0,0.0,0.0,0.0,,,,,,,,,,0.0,303.0,5.05,5516.736158,
2026-03-03 21:10:00+00:00,-57.0,11.5,2.0,18.66,18.69,18.62,17.93,17.98,17.89,64.12,64.21,64.03,102358.79,102362.92,102355.45,0.0,0.0,0.0,110.0,0.0,0.0,0.0,0.0,,,,,,,,,,0.0,304.0,5.066666666666666,5212.736158,
2026-03-03 21:15:00+00:00,-59.0,10.0,2.0,18.63,18.67,18.6,17.91,17.95,17.88,64.19,64.28,64.12,102357.95,102361.32,102354.24,0.0,0.0,0.0,110.0,0.0,0.0,0.0,0.0,,,,,,,,,,0.0,304.0,5.066666666666666,4908.736158,
2026-03-03 21:20:00+00:00,-58.0,13.8,2.0,18.59,18.62,18.57,17.89,17.92,17.86,64.24,64.29,64.18,102355.98,102361.12,102349.08,0.0,0.0,0.0,110.0,0.0,0.0,0.0,0.0,,,,,,,,,,0.0,303.0,5.05,4605.736158,
2026-03-03 21:25:00+00:00,-59.0,13.8,2.0,18.55,18.58,18.54,17.87,17.91,17.84,64.28,64.34,64.23,102355.11,102359.78,102348.46,0.0,0.0,0.0,110.0,0.0,0.0,0.0,0.0,,,,,,,,,,0.0,304.0,5.066666666666666,4301.736158,
2026-03-03 21:30:00+00:00,-57.0,11.8,2.0,18.54,18.56,18.53,17.84,17.86,17.79,64.33,64.39,64.27,102355.45,102360.37,102350.96,0.0,0.0,0.0,110.0,0.0,0.0,0.0,0.0,,,,,,,,,,0.0,304.0,5.066666666666666,3997.736158,
2026-03-03 21:35:00+00:00,-59.0,11.5,2.0,18.54,18.56,18.52,17.81,17.84,17.77,64.35,64.45,64.27,102356.04,102362.77,102352.05,0.0,0.0,0.0,110.0,0.0,0.0,0.0,0.0,,,,,,,,,,0.0,303.0,5.05,3694.736158,
2026-03-03 21:40:00+00:00,-59.0,13.8,2.0,18.52,18.56,18.49,17.77,17.82,17.71,64.42,64.52,64.36,102357.7,102361.8,102353.48,0.0,0.0,0.0,110.0,0.0,0.0,0.0,0.0,,,,,,,,,,0.0,304.0,5.066666666666666,3390.736158,
2026-03-03 21:45:00+00:00,-58.0,14.2,2.0,18.46,18.49,18.44,17.74,17.77,17.7,64.52,64.58,64.45,102353.16,102361.75,102348.02,0.0,0.0,0.0,110.0,0.0,0.0,0.0,0.0,,,,,,,,,,0.0,304.0,5.066666666666666,3086.736158,
2026-03-03 21:50:00+00:00,-57.0,13.8,2.0,18.43,18.46,18.37,17.73,17.76,17.68,64.5,64.59,64.39,102345.93,102350.77,102341.46,0.0,0.0,0.0,110.0,0.0,0.0,0.0,0.0,,,,,,,,,,0.0,304.0,5.066666666666666,2782.736158,
2026-03-03 21:55:00+00:00,-57.0,13.2,2.0,18.45,18.48,18.43,17.65,17.69,17.62,64.62,64.71,64.5,102345.2,102349.47,102340.77,0.0,0.0,0.0,110.0,0.0,0.0,0.0,0.0,,,,,,,,,,0.0,303.0,5.05,2479.736158,
2026-03-03 22:00:00+00:00,-58.0,13.8,2.0,18.43,18.46,18.4,17.65,17.68,17.61,64.68,64.74,64.57,102344.01,102349.41,102337.88,0.0,0.0,0.0,110.0,0.0,0.0,0.0,0.0,,,,,,,,,,0.0,304.0,5.066666666666666,2175.736158,
2026-03-03 22:05:00+00:00,-58.0,14.2,2.0,18.41,18.45,18.4,17.63,17.67,17.57,64.62,64.73,64.54,102341.84,102346.09,102337.0,0.0,0.0,0.0,110.0,0.0,0.0,0.0,0.0,,,,,,,,,,0.0,304.0,5.066666666666666,1871.736158,
2026-03-03 22:10:00+00:00,-57.0,11.8,2.0,18.41,18.43,18.39,17.55,17.61,17.5,64.74,64.87,64.66,102342.48,102348.47,102336.71,0.0,0.0,0.0,110.0,0.0,0.0,0.0,0.0,,,,,,,,,,0.0,303.0,5.05,1568.736158,
2026-03-03 22:15:00+00:00,-59.0,9.8,2.0,18.4,18.43,18.36,17.53,17.56,17.49,64.83,64.93,64.73,102346.52,102350.83,102341.48,0.0,0.0,0.0,110.0,0.0,0.0,0.0,0.0,,,,,,,,,,0.0,304.0,5.066666666666666,1264.736158,
2026-03-03 22:20:00+00:00,-58.0,13.5,2.0,18.38,18.41,18.36,17.46,17.52,17.42,64.91,65.07,64.82,102348.07,102351.3,102343.61,0.0,0.0,0.0,110.0,0.0,0.0,0.0,0.0,,,,,,,,,,0.0,304.0,5.066666666666666,960.736158,
2026-03-03 22:25:00+00:00,-58.0,13.8,2.0,18.35,18.37,18.33,17.46,17.48,17.42,64.96,65.05,64.88,102347.27,102353.94,102343.88,0.0,0.0,0.0,110.0,0.0,0.0,0.0,0.0,,,,,,,,,,0.0,303.0,5.05,657.736158,
2026-03-03 22:30:00+00:00,-57.0,10.0,2.0,18.32,18.36,18.28,17.44,17.49,17.42,65.02,65.1,64.91,102348.52,102353.2,102344.61,0.0,0.0,0.0,110.0,0.0,0.0,0.0,0.0,,,,,,,,,,0.0,304.0,5.066666666666666,353.736158,
2026-03-03 22:35:00+00:00,-57.0,13.8,2.0,18.32,18.36,18.29,17.4,17.45,17.36,65.07,65.18,64.95,102350.33,102355.84,102344.81,0.0,0.0,0.0,110.0,0.0,0.0,0.0,0.0,,,,,,,,,,0.0,304.0,5.066666666666666,49.736158,
